<?xml version="1.0" encoding="UTF-8"?>
<metadata>
  <groupId>org.apache.camel</groupId>
  <artifactId>camel-jackson</artifactId>
  <versioning>
    <latest>2.22.2</latest>
    <release>2.22.2</release>
    <versions>
      <version>2.0-M2</version>
      <version>2.0-M3</version>
      <version>2.0.0</version>
      <version>2.1.0</version>
      <version>2.2.0</version>
      <version>2.3.0</version>
      <version>2.4.0</version>
      <version>2.5.0</version>
      <version>2.6.0</version>
      <version>2.7.0</version>
      <version>2.7.1</version>
      <version>2.7.2</version>
      <version>2.7.3</version>
      <version>2.7.4</version>
      <version>2.7.5</version>
      <version>2.8.0</version>
      <version>2.8.1</version>
      <version>2.8.2</version>
      <version>2.8.3</version>
      <version>2.8.4</version>
      <version>2.8.5</version>
      <version>2.8.6</version>
      <version>2.9.0-RC1</version>
      <version>2.9.0</version>
      <version>2.9.1</version>
      <version>2.9.2</version>
      <version>2.9.3</version>
      <version>2.9.4</version>
      <version>2.9.5</version>
      <version>2.9.6</version>
      <version>2.9.7</version>
      <version>2.9.8</version>
      <version>2.10.0</version>
      <version>2.10.1</version>
      <version>2.10.2</version>
      <version>2.10.3</version>
      <version>2.10.4</version>
      <version>2.10.5</version>
      <version>2.10.6</version>
      <version>2.10.7</version>
      <version>2.11.0</version>
      <version>2.11.1</version>
      <version>2.11.2</version>
      <version>2.11.3</version>
      <version>2.11.4</version>
      <version>2.12.0</version>
      <version>2.12.1</version>
      <version>2.12.2</version>
      <version>2.12.3</version>
      <version>2.12.4</version>
      <version>2.12.5</version>
      <version>2.13.0</version>
      <version>2.13.1</version>
      <version>2.13.2</version>
      <version>2.13.3</version>
      <version>2.13.4</version>
      <version>2.14.0</version>
      <version>2.14.1</version>
      <version>2.14.2</version>
      <version>2.14.3</version>
      <version>2.14.4</version>
      <version>2.15.0</version>
      <version>2.15.1</version>
      <version>2.15.2</version>
      <version>2.15.3</version>
      <version>2.15.4</version>
      <version>2.15.5</version>
      <version>2.15.6</version>
      <version>2.16.0</version>
      <version>2.16.1</version>
      <version>2.16.2</version>
      <version>2.16.3</version>
      <version>2.16.4</version>
      <version>2.16.5</version>
      <version>2.17.0</version>
      <version>2.17.1</version>
      <version>2.17.2</version>
      <version>2.17.3</version>
      <version>2.17.4</version>
      <version>2.17.5</version>
      <version>2.17.6</version>
      <version>2.17.7</version>
      <version>2.18.0</version>
      <version>2.18.1</version>
      <version>2.18.2</version>
      <version>2.18.3</version>
      <version>2.18.4</version>
      <version>2.18.5</version>
      <version>2.19.0</version>
      <version>2.19.1</version>
      <version>2.19.2</version>
      <version>2.19.3</version>
      <version>2.19.4</version>
      <version>2.19.5</version>
      <version>2.20.0</version>
      <version>2.20.1</version>
      <version>2.20.2</version>
      <version>2.20.3</version>
      <version>2.20.4</version>
      <version>2.21.0</version>
      <version>2.21.1</version>
      <version>2.21.2</version>
      <version>2.21.3</version>
      <version>2.22.0</version>
      <version>2.22.1</version>
      <version>2.22.2</version>
    </versions>
    <lastUpdated>20181110094836</lastUpdated>
  </versioning>
</metadata>
