<?xml version="1.0" encoding="UTF-8"?>
<metadata modelVersion="1.1.0">
  <groupId>org.apache.camel</groupId>
  <artifactId>camel-jackson</artifactId>
  <versioning>
    <latest>2.21.0-000033.fuse-000001</latest>
    <release>2.21.0-000033.fuse-000001</release>
    <versions>
      <version>2.12.0.redhat-610312</version>
      <version>2.12.0.redhat-610328</version>
      <version>2.12.0.redhat-610355</version>
      <version>2.12.0.redhat-610378</version>
      <version>2.12.0.redhat-610399</version>
      <version>2.12.0.redhat-610401</version>
      <version>2.12.0.redhat-611406</version>
      <version>2.12.0.redhat-611476</version>
      <version>2.14.0.redhat-620060</version>
      <version>2.14.0.redhat-620064</version>
      <version>2.14.0.redhat-620073</version>
      <version>2.15.0.redhat-620099</version>
      <version>2.15.1.redhat-620117</version>
      <version>2.15.1.redhat-620123</version>
      <version>2.15.1.redhat-621013</version>
      <version>2.15.1.redhat-621020</version>
      <version>2.15.1.redhat-621032</version>
      <version>2.15.1.redhat-621070</version>
      <version>2.15.1.redhat-621117-01</version>
      <version>2.15.1.redhat-621159-04</version>
      <version>2.15.1.redhat-621211-01</version>
      <version>2.15.1.redhat-621211-02</version>
      <version>2.15.1.redhat-621211-03</version>
      <version>2.15.1.redhat-621213</version>
      <version>2.15.1.redhat-621215</version>
      <version>2.15.1.redhat-621216-01</version>
      <version>2.15.1.redhat-621216-02</version>
      <version>2.15.1.redhat-621216-03</version>
      <version>2.15.1.redhat-621216-04</version>
      <version>2.15.1.redhat-621216-05</version>
      <version>2.15.1.redhat-621216-06</version>
      <version>2.15.1.redhat-621216-07</version>
      <version>2.15.1.redhat-621216-08</version>
      <version>2.15.1.redhat-621216-09</version>
      <version>2.15.1.redhat-621216-10</version>
      <version>2.15.1.redhat-621216-11</version>
      <version>2.15.1.redhat-621217</version>
      <version>2.15.1.redhat-621219</version>
      <version>2.15.1.redhat-621221</version>
      <version>2.15.1.redhat-621222</version>
      <version>2.15.1.redhat-621222-01</version>
      <version>2.15.1.redhat-621222-02</version>
      <version>2.15.1.redhat-621343-06</version>
      <version>2.17.0.redhat-630283-02</version>
      <version>2.17.0.redhat-630283-03</version>
      <version>2.17.0.redhat-630283-04</version>
      <version>2.17.0.redhat-630283-05</version>
      <version>2.17.0.redhat-630283-07</version>
      <version>2.17.0.redhat-630283-08</version>
      <version>2.17.0.redhat-630283-09</version>
      <version>2.17.0.redhat-630283-10</version>
      <version>2.17.0.redhat-630283-11</version>
      <version>2.17.0.redhat-630283-12</version>
      <version>2.17.0.redhat-630284-04</version>
      <version>2.17.0.redhat-630291</version>
      <version>2.17.0.redhat-630292</version>
      <version>2.17.0.redhat-630294</version>
      <version>2.17.0.redhat-630295</version>
      <version>2.17.0.redhat-630298</version>
      <version>2.17.0.redhat-630299</version>
      <version>2.17.0.redhat-630300</version>
      <version>2.17.0.redhat-630301</version>
      <version>2.17.0.redhat-630303</version>
      <version>2.17.0.redhat-630304</version>
      <version>2.17.0.redhat-630306</version>
      <version>2.17.0.redhat-630308</version>
      <version>2.17.0.redhat-630309</version>
      <version>2.17.0.redhat-630310-01</version>
      <version>2.17.0.redhat-630310-02</version>
      <version>2.17.0.redhat-630310-03</version>
      <version>2.17.0.redhat-630310-04</version>
      <version>2.17.0.redhat-630310-05</version>
      <version>2.17.0.redhat-630310-06</version>
      <version>2.17.0.redhat-630310-07</version>
      <version>2.17.0.redhat-630310-08</version>
      <version>2.17.0.redhat-630310-09</version>
      <version>2.17.0.redhat-630310-10</version>
      <version>2.17.0.redhat-630310-11</version>
      <version>2.17.0.redhat-630310-12</version>
      <version>2.17.0.redhat-630310-13</version>
      <version>2.17.0.redhat-630310-14</version>
      <version>2.17.0.redhat-630311</version>
      <version>2.17.0.redhat-630312</version>
      <version>2.17.0.redhat-630314</version>
      <version>2.17.0.redhat-630315</version>
      <version>2.17.0.redhat-630316</version>
      <version>2.17.0.redhat-630317</version>
      <version>2.17.0.redhat-630319</version>
      <version>2.17.0.redhat-630320</version>
      <version>2.17.0.redhat-630322</version>
      <version>2.17.0.redhat-630323</version>
      <version>2.17.0.redhat-630324</version>
      <version>2.17.0.redhat-630328</version>
      <version>2.17.0.redhat-630329-01</version>
      <version>2.17.0.redhat-630329-04</version>
      <version>2.17.0.redhat-630329-05</version>
      <version>2.17.0.redhat-630329-06</version>
      <version>2.17.0.redhat-630329-07</version>
      <version>2.17.0.redhat-630329-08</version>
      <version>2.17.0.redhat-630329-09</version>
      <version>2.17.0.redhat-630329-11</version>
      <version>2.17.0.redhat-630329-13</version>
      <version>2.17.0.redhat-630332</version>
      <version>2.17.0.redhat-630334</version>
      <version>2.17.0.redhat-630335</version>
      <version>2.17.0.redhat-630337</version>
      <version>2.17.0.redhat-630338</version>
      <version>2.17.0.redhat-630340</version>
      <version>2.17.0.redhat-630342</version>
      <version>2.17.0.redhat-630343-01</version>
      <version>2.17.0.redhat-630343-02</version>
      <version>2.17.0.redhat-630343-04</version>
      <version>2.17.0.redhat-630343-05</version>
      <version>2.17.0.redhat-630343-06</version>
      <version>2.17.0.redhat-630343-07</version>
      <version>2.17.0.redhat-630343-08</version>
      <version>2.17.0.redhat-630343-09</version>
      <version>2.17.0.redhat-630344</version>
      <version>2.17.0.redhat-630346</version>
      <version>2.17.0.redhat-630347-01</version>
      <version>2.17.0.redhat-630347-02</version>
      <version>2.17.0.redhat-630347-03</version>
      <version>2.17.0.redhat-630347-04</version>
      <version>2.17.0.redhat-630347-05</version>
      <version>2.17.0.redhat-630347-06</version>
      <version>2.17.0.redhat-630347-07</version>
      <version>2.17.0.redhat-630347-08</version>
      <version>2.17.0.redhat-630347-09</version>
      <version>2.17.0.redhat-630347-11</version>
      <version>2.17.0.redhat-630347-12</version>
      <version>2.17.0.redhat-630348</version>
      <version>2.17.0.redhat-630352</version>
      <version>2.17.0.redhat-630353</version>
      <version>2.17.0.redhat-630355</version>
      <version>2.17.0.redhat-630356-01</version>
      <version>2.17.0.redhat-630356-02</version>
      <version>2.17.0.redhat-630356-03</version>
      <version>2.17.0.redhat-630359</version>
      <version>2.17.0.redhat-630361</version>
      <version>2.17.0.redhat-630363</version>
      <version>2.17.0.redhat-630365</version>
      <version>2.17.0.redhat-630368</version>
      <version>2.17.0.redhat-630370</version>
      <version>2.18.1.fuse-000041</version>
      <version>2.19.0.fuse-000036</version>
      <version>2.20.0.fuse-000101</version>
      <version>2.20.0.fuse-000120</version>
      <version>2.21.0.fuse-000007</version>
      <version>2.21.0.fuse-000033</version>
      <version>2.21.0.fuse-000067</version>
      <version>2.21.0.fuse-000069</version>
      <version>2.21.0.fuse-000077</version>
      <version>2.21.0.fuse-000094</version>
      <version>2.21.0.fuse-710018</version>
      <version>2.21.0.fuse-711004</version>
      <version>2.21.0.fuse-720007</version>
      <version>2.21.0.fuse-720016</version>
      <version>2.21.0.fuse-720021</version>
      <version>2.21.0.fuse-720027</version>
      <version>2.21.0.fuse-720028</version>
      <version>2.21.0.fuse-720029</version>
      <version>2.21.0.fuse-720034</version>
      <version>2.21.0.fuse-720041</version>
      <version>2.21.0.fuse-720042</version>
      <version>2.21.0.fuse-720043</version>
      <version>2.21.0.fuse-720044</version>
      <version>2.21.0.fuse-720045</version>
      <version>2.21.0.fuse-720046</version>
      <version>2.21.0.fuse-730001</version>
      <version>2.21.0.fuse-730002</version>
      <version>2.21.0.fuse-730003</version>
      <version>2.21.0.fuse-730004</version>
      <version>2.21.0-000033.fuse-000001</version>
    </versions>
    <lastUpdated>20181114003252</lastUpdated>
  </versioning>
</metadata>
