<?xml version="1.0" encoding="UTF-8"?>
<metadata modelVersion="1.1.0">
  <groupId>org.apache.camel</groupId>
  <artifactId>camel-jackson</artifactId>
  <versioning>
    <latest>2.21.0.fuse-710018-redhat-00001</latest>
    <release>2.21.0.fuse-710018-redhat-00001</release>
    <versions>
      <version>2.10.0.redhat-60024</version>
      <version>2.10.0.redhat-60061</version>
      <version>2.10.0.redhat-60065</version>
      <version>2.10.0.redhat-60083</version>
      <version>2.10.0.redhat-60092</version>
      <version>2.17.0.redhat-630187</version>
      <version>2.17.0.redhat-630224</version>
      <version>2.17.0.redhat-630254</version>
      <version>2.17.0.redhat-630262</version>
      <version>2.17.0.redhat-630283</version>
      <version>2.17.0.redhat-630310</version>
      <version>2.17.0.redhat-630329</version>
      <version>2.17.0.redhat-630343</version>
      <version>2.17.0.redhat-630347</version>
      <version>2.17.0.redhat-630356</version>
      <version>2.18.1.redhat-000005</version>
      <version>2.18.1.redhat-000012</version>
      <version>2.18.1.redhat-000015</version>
      <version>2.18.1.redhat-000021</version>
      <version>2.18.1.redhat-000024</version>
      <version>2.18.1.redhat-000025</version>
      <version>2.18.1.redhat-000026</version>
      <version>2.18.1.redhat-000032</version>
      <version>2.21.0.fuse-000077-redhat-1</version>
      <version>2.21.0.fuse-000112-redhat-3</version>
      <version>2.21.0.fuse-710018-redhat-00001</version>
    </versions>
    <lastUpdated>20181018125900</lastUpdated>
  </versioning>
</metadata>
